-- phpMyAdmin SQL Dump
-- version 5.0.2
-- https://www.phpmyadmin.net/
--
-- Host: 127.0.0.1
-- Generation Time: Jul 17, 2020 at 11:16 AM
-- Server version: 10.4.13-MariaDB
-- PHP Version: 7.4.7

SET SQL_MODE = "NO_AUTO_VALUE_ON_ZERO";
START TRANSACTION;
SET time_zone = "+00:00";


/*!40101 SET @OLD_CHARACTER_SET_CLIENT=@@CHARACTER_SET_CLIENT */;
/*!40101 SET @OLD_CHARACTER_SET_RESULTS=@@CHARACTER_SET_RESULTS */;
/*!40101 SET @OLD_COLLATION_CONNECTION=@@COLLATION_CONNECTION */;
/*!40101 SET NAMES utf8mb4 */;

--
-- Database: `mcq_web_app`
--

-- --------------------------------------------------------

--
-- Table structure for table `failed_jobs`
--

CREATE TABLE `failed_jobs` (
  `id` bigint(20) UNSIGNED NOT NULL,
  `connection` text COLLATE utf8mb4_unicode_ci NOT NULL,
  `queue` text COLLATE utf8mb4_unicode_ci NOT NULL,
  `payload` longtext COLLATE utf8mb4_unicode_ci NOT NULL,
  `exception` longtext COLLATE utf8mb4_unicode_ci NOT NULL,
  `failed_at` timestamp NOT NULL DEFAULT current_timestamp()
) ENGINE=InnoDB DEFAULT CHARSET=utf8mb4 COLLATE=utf8mb4_unicode_ci;

-- --------------------------------------------------------

--
-- Table structure for table `migrations`
--

CREATE TABLE `migrations` (
  `id` int(10) UNSIGNED NOT NULL,
  `migration` varchar(255) COLLATE utf8mb4_unicode_ci NOT NULL,
  `batch` int(11) NOT NULL
) ENGINE=InnoDB DEFAULT CHARSET=utf8mb4 COLLATE=utf8mb4_unicode_ci;

--
-- Dumping data for table `migrations`
--

INSERT INTO `migrations` (`id`, `migration`, `batch`) VALUES
(1, '2014_10_12_000000_create_users_table', 1),
(2, '2014_10_12_100000_create_password_resets_table', 1),
(3, '2019_08_19_000000_create_failed_jobs_table', 1),
(4, '2020_07_16_060404_create_subjects_table', 1),
(5, '2020_07_16_060405_create_questions_table', 1),
(6, '2020_07_16_062332_create_options_table', 1),
(7, '2020_07_16_062455_create_tests_table', 1),
(8, '2020_07_16_063012_create_test_user_table', 1),
(9, '2020_07_16_063408_create_question_test_table', 1),
(10, '2020_07_16_063622_create_question_test_user_table', 1);

-- --------------------------------------------------------

--
-- Table structure for table `options`
--

CREATE TABLE `options` (
  `id` bigint(20) UNSIGNED NOT NULL,
  `statement` varchar(255) COLLATE utf8mb4_unicode_ci NOT NULL,
  `question_id` bigint(20) UNSIGNED NOT NULL,
  `is_correct` tinyint(4) NOT NULL DEFAULT 0,
  `created_at` timestamp NULL DEFAULT NULL,
  `updated_at` timestamp NULL DEFAULT NULL,
  `deleted_at` timestamp NULL DEFAULT NULL
) ENGINE=InnoDB DEFAULT CHARSET=utf8mb4 COLLATE=utf8mb4_unicode_ci;

--
-- Dumping data for table `options`
--

INSERT INTO `options` (`id`, `statement`, `question_id`, `is_correct`, `created_at`, `updated_at`, `deleted_at`) VALUES
(1, 'minus', 1, 1, '2020-07-17 03:35:27', '2020-07-17 03:35:27', NULL),
(2, 'hic', 1, 0, '2020-07-17 03:35:27', '2020-07-17 03:35:27', NULL),
(3, 'placeat', 1, 0, '2020-07-17 03:35:27', '2020-07-17 03:35:27', NULL),
(4, 'rerum', 1, 0, '2020-07-17 03:35:27', '2020-07-17 03:35:27', NULL),
(5, 'nulla', 2, 0, '2020-07-17 03:35:27', '2020-07-17 03:35:27', NULL),
(6, 'et', 2, 0, '2020-07-17 03:35:27', '2020-07-17 03:35:27', NULL),
(7, 'rerum', 2, 0, '2020-07-17 03:35:27', '2020-07-17 03:35:27', NULL),
(8, 'voluptatem', 2, 1, '2020-07-17 03:35:27', '2020-07-17 03:35:27', NULL),
(9, 'minima', 3, 1, '2020-07-17 03:35:27', '2020-07-17 03:35:27', NULL),
(10, 'repellat', 3, 0, '2020-07-17 03:35:27', '2020-07-17 03:35:27', NULL),
(11, 'accusamus', 3, 0, '2020-07-17 03:35:27', '2020-07-17 03:35:27', NULL),
(12, 'ut', 3, 0, '2020-07-17 03:35:27', '2020-07-17 03:35:27', NULL),
(13, 'blanditiis', 4, 0, '2020-07-17 03:35:28', '2020-07-17 03:35:28', NULL),
(14, 'dolor', 4, 0, '2020-07-17 03:35:28', '2020-07-17 03:35:28', NULL),
(15, 'et', 4, 1, '2020-07-17 03:35:28', '2020-07-17 03:35:28', NULL),
(16, 'nulla', 4, 0, '2020-07-17 03:35:28', '2020-07-17 03:35:28', NULL),
(17, 'quisquam', 5, 0, '2020-07-17 03:35:28', '2020-07-17 03:35:28', NULL),
(18, 'ipsam', 5, 0, '2020-07-17 03:35:28', '2020-07-17 03:35:28', NULL),
(19, 'fugiat', 5, 1, '2020-07-17 03:35:28', '2020-07-17 03:35:28', NULL),
(20, 'vel', 5, 0, '2020-07-17 03:35:28', '2020-07-17 03:35:28', NULL),
(21, 'sit', 6, 1, '2020-07-17 03:35:28', '2020-07-17 03:35:28', NULL),
(22, 'quia', 6, 0, '2020-07-17 03:35:28', '2020-07-17 03:35:28', NULL),
(23, 'sit', 6, 0, '2020-07-17 03:35:28', '2020-07-17 03:35:28', NULL),
(24, 'qui', 6, 0, '2020-07-17 03:35:28', '2020-07-17 03:35:28', NULL),
(25, 'saepe', 7, 0, '2020-07-17 03:35:28', '2020-07-17 03:35:28', NULL),
(26, 'nesciunt', 7, 0, '2020-07-17 03:35:29', '2020-07-17 03:35:29', NULL),
(27, 'quod', 7, 1, '2020-07-17 03:35:29', '2020-07-17 03:35:29', NULL),
(28, 'corrupti', 7, 0, '2020-07-17 03:35:29', '2020-07-17 03:35:29', NULL),
(29, 'sed', 8, 0, '2020-07-17 03:35:29', '2020-07-17 03:35:29', NULL),
(30, 'a', 8, 0, '2020-07-17 03:35:29', '2020-07-17 03:35:29', NULL),
(31, 'voluptate', 8, 1, '2020-07-17 03:35:29', '2020-07-17 03:35:29', NULL),
(32, 'aspernatur', 8, 0, '2020-07-17 03:35:29', '2020-07-17 03:35:29', NULL),
(33, 'quibusdam', 9, 0, '2020-07-17 03:35:29', '2020-07-17 03:35:29', NULL),
(34, 'explicabo', 9, 0, '2020-07-17 03:35:29', '2020-07-17 03:35:29', NULL),
(35, 'aspernatur', 9, 0, '2020-07-17 03:35:29', '2020-07-17 03:35:29', NULL),
(36, 'illo', 9, 1, '2020-07-17 03:35:30', '2020-07-17 03:35:30', NULL),
(37, 'atque', 10, 1, '2020-07-17 03:35:30', '2020-07-17 03:35:30', NULL),
(38, 'est', 10, 0, '2020-07-17 03:35:30', '2020-07-17 03:35:30', NULL),
(39, 'eos', 10, 0, '2020-07-17 03:35:30', '2020-07-17 03:35:30', NULL),
(40, 'natus', 10, 0, '2020-07-17 03:35:30', '2020-07-17 03:35:30', NULL),
(41, 'et', 11, 0, '2020-07-17 03:35:30', '2020-07-17 03:35:30', NULL),
(42, 'animi', 11, 0, '2020-07-17 03:35:30', '2020-07-17 03:35:30', NULL),
(43, 'iure', 11, 1, '2020-07-17 03:35:30', '2020-07-17 03:35:30', NULL),
(44, 'animi', 11, 0, '2020-07-17 03:35:30', '2020-07-17 03:35:30', NULL),
(45, 'est', 12, 0, '2020-07-17 03:35:30', '2020-07-17 03:35:30', NULL),
(46, 'eaque', 12, 1, '2020-07-17 03:35:30', '2020-07-17 03:35:30', NULL),
(47, 'adipisci', 12, 0, '2020-07-17 03:35:31', '2020-07-17 03:35:31', NULL),
(48, 'enim', 12, 0, '2020-07-17 03:35:31', '2020-07-17 03:35:31', NULL),
(49, 'inventore', 13, 0, '2020-07-17 03:35:31', '2020-07-17 03:35:31', NULL),
(50, 'et', 13, 0, '2020-07-17 03:35:31', '2020-07-17 03:35:31', NULL),
(51, 'impedit', 13, 1, '2020-07-17 03:35:31', '2020-07-17 03:35:31', NULL),
(52, 'ad', 13, 0, '2020-07-17 03:35:31', '2020-07-17 03:35:31', NULL),
(53, 'sit', 14, 1, '2020-07-17 03:35:31', '2020-07-17 03:35:31', NULL),
(54, 'id', 14, 0, '2020-07-17 03:35:31', '2020-07-17 03:35:31', NULL),
(55, 'ut', 14, 0, '2020-07-17 03:35:31', '2020-07-17 03:35:31', NULL),
(56, 'reiciendis', 14, 0, '2020-07-17 03:35:31', '2020-07-17 03:35:31', NULL),
(57, 'velit', 15, 1, '2020-07-17 03:35:31', '2020-07-17 03:35:31', NULL),
(58, 'ducimus', 15, 0, '2020-07-17 03:35:31', '2020-07-17 03:35:31', NULL),
(59, 'aut', 15, 0, '2020-07-17 03:35:32', '2020-07-17 03:35:32', NULL),
(60, 'quia', 15, 0, '2020-07-17 03:35:32', '2020-07-17 03:35:32', NULL),
(61, 'et', 16, 1, '2020-07-17 03:35:32', '2020-07-17 03:35:32', NULL),
(62, 'quidem', 16, 0, '2020-07-17 03:35:32', '2020-07-17 03:35:32', NULL),
(63, 'et', 16, 0, '2020-07-17 03:35:32', '2020-07-17 03:35:32', NULL),
(64, 'architecto', 16, 0, '2020-07-17 03:35:32', '2020-07-17 03:35:32', NULL),
(65, 'eveniet', 17, 1, '2020-07-17 03:35:32', '2020-07-17 03:35:32', NULL),
(66, 'eum', 17, 0, '2020-07-17 03:35:32', '2020-07-17 03:35:32', NULL),
(67, 'quae', 17, 0, '2020-07-17 03:35:32', '2020-07-17 03:35:32', NULL),
(68, 'aut', 17, 0, '2020-07-17 03:35:32', '2020-07-17 03:35:32', NULL),
(69, 'nisi', 18, 0, '2020-07-17 03:35:32', '2020-07-17 03:35:32', NULL),
(70, 'cum', 18, 0, '2020-07-17 03:35:32', '2020-07-17 03:35:32', NULL),
(71, 'voluptas', 18, 1, '2020-07-17 03:35:32', '2020-07-17 03:35:32', NULL),
(72, 'quas', 18, 0, '2020-07-17 03:35:32', '2020-07-17 03:35:32', NULL),
(73, 'totam', 19, 0, '2020-07-17 03:35:32', '2020-07-17 03:35:32', NULL),
(74, 'rem', 19, 0, '2020-07-17 03:35:32', '2020-07-17 03:35:32', NULL),
(75, 'sequi', 19, 0, '2020-07-17 03:35:32', '2020-07-17 03:35:32', NULL),
(76, 'dolore', 19, 1, '2020-07-17 03:35:32', '2020-07-17 03:35:32', NULL),
(77, 'atque', 20, 0, '2020-07-17 03:35:33', '2020-07-17 03:35:33', NULL),
(78, 'beatae', 20, 0, '2020-07-17 03:35:33', '2020-07-17 03:35:33', NULL),
(79, 'impedit', 20, 0, '2020-07-17 03:35:33', '2020-07-17 03:35:33', NULL),
(80, 'totam', 20, 1, '2020-07-17 03:35:33', '2020-07-17 03:35:33', NULL),
(81, 'molestiae', 21, 0, '2020-07-17 03:35:33', '2020-07-17 03:35:33', NULL),
(82, 'molestias', 21, 0, '2020-07-17 03:35:33', '2020-07-17 03:35:33', NULL),
(83, 'fugit', 21, 0, '2020-07-17 03:35:33', '2020-07-17 03:35:33', NULL),
(84, 'enim', 21, 1, '2020-07-17 03:35:33', '2020-07-17 03:35:33', NULL),
(85, 'laborum', 22, 0, '2020-07-17 03:35:33', '2020-07-17 03:35:33', NULL),
(86, 'cum', 22, 1, '2020-07-17 03:35:33', '2020-07-17 03:35:33', NULL),
(87, 'provident', 22, 0, '2020-07-17 03:35:33', '2020-07-17 03:35:33', NULL),
(88, 'consectetur', 22, 0, '2020-07-17 03:35:33', '2020-07-17 03:35:33', NULL),
(89, 'mollitia', 23, 1, '2020-07-17 03:35:33', '2020-07-17 03:35:33', NULL),
(90, 'veritatis', 23, 0, '2020-07-17 03:35:33', '2020-07-17 03:35:33', NULL),
(91, 'impedit', 23, 0, '2020-07-17 03:35:33', '2020-07-17 03:35:33', NULL),
(92, 'omnis', 23, 0, '2020-07-17 03:35:33', '2020-07-17 03:35:33', NULL),
(93, 'omnis', 24, 0, '2020-07-17 03:35:33', '2020-07-17 03:35:33', NULL),
(94, 'enim', 24, 0, '2020-07-17 03:35:33', '2020-07-17 03:35:33', NULL),
(95, 'ducimus', 24, 1, '2020-07-17 03:35:33', '2020-07-17 03:35:33', NULL),
(96, 'rem', 24, 0, '2020-07-17 03:35:34', '2020-07-17 03:35:34', NULL),
(97, 'voluptates', 25, 0, '2020-07-17 03:35:34', '2020-07-17 03:35:34', NULL),
(98, 'tempora', 25, 1, '2020-07-17 03:35:34', '2020-07-17 03:35:34', NULL),
(99, 'veniam', 25, 0, '2020-07-17 03:35:34', '2020-07-17 03:35:34', NULL),
(100, 'id', 25, 0, '2020-07-17 03:35:34', '2020-07-17 03:35:34', NULL),
(101, 'cum', 26, 0, '2020-07-17 03:35:34', '2020-07-17 03:35:34', NULL),
(102, 'rem', 26, 1, '2020-07-17 03:35:34', '2020-07-17 03:35:34', NULL),
(103, 'magni', 26, 0, '2020-07-17 03:35:34', '2020-07-17 03:35:34', NULL),
(104, 'rerum', 26, 0, '2020-07-17 03:35:34', '2020-07-17 03:35:34', NULL),
(105, 'qui', 27, 0, '2020-07-17 03:35:34', '2020-07-17 03:35:34', NULL),
(106, 'repellendus', 27, 1, '2020-07-17 03:35:34', '2020-07-17 03:35:34', NULL),
(107, 'laudantium', 27, 0, '2020-07-17 03:35:34', '2020-07-17 03:35:34', NULL),
(108, 'accusamus', 27, 0, '2020-07-17 03:35:34', '2020-07-17 03:35:34', NULL),
(109, 'ratione', 28, 0, '2020-07-17 03:35:34', '2020-07-17 03:35:34', NULL),
(110, 'placeat', 28, 1, '2020-07-17 03:35:34', '2020-07-17 03:35:34', NULL),
(111, 'explicabo', 28, 0, '2020-07-17 03:35:34', '2020-07-17 03:35:34', NULL),
(112, 'id', 28, 0, '2020-07-17 03:35:34', '2020-07-17 03:35:34', NULL),
(113, 'doloremque', 29, 0, '2020-07-17 03:35:34', '2020-07-17 03:35:34', NULL),
(114, 'in', 29, 0, '2020-07-17 03:35:34', '2020-07-17 03:35:34', NULL),
(115, 'unde', 29, 0, '2020-07-17 03:35:34', '2020-07-17 03:35:34', NULL),
(116, 'modi', 29, 1, '2020-07-17 03:35:34', '2020-07-17 03:35:34', NULL),
(117, 'voluptatum', 30, 0, '2020-07-17 03:35:35', '2020-07-17 03:35:35', NULL),
(118, 'porro', 30, 0, '2020-07-17 03:35:35', '2020-07-17 03:35:35', NULL),
(119, 'sit', 30, 0, '2020-07-17 03:35:35', '2020-07-17 03:35:35', NULL),
(120, 'vero', 30, 1, '2020-07-17 03:35:35', '2020-07-17 03:35:35', NULL),
(121, 'aliquam', 31, 0, '2020-07-17 03:35:35', '2020-07-17 03:35:35', NULL),
(122, 'tempora', 31, 1, '2020-07-17 03:35:35', '2020-07-17 03:35:35', NULL),
(123, 'quis', 31, 0, '2020-07-17 03:35:35', '2020-07-17 03:35:35', NULL),
(124, 'hic', 31, 0, '2020-07-17 03:35:35', '2020-07-17 03:35:35', NULL),
(125, 'ut', 32, 0, '2020-07-17 03:35:35', '2020-07-17 03:35:35', NULL),
(126, 'corrupti', 32, 1, '2020-07-17 03:35:35', '2020-07-17 03:35:35', NULL),
(127, 'molestias', 32, 0, '2020-07-17 03:35:35', '2020-07-17 03:35:35', NULL),
(128, 'asperiores', 32, 0, '2020-07-17 03:35:35', '2020-07-17 03:35:35', NULL),
(129, 'quia', 33, 0, '2020-07-17 03:35:35', '2020-07-17 03:35:35', NULL),
(130, 'maxime', 33, 0, '2020-07-17 03:35:35', '2020-07-17 03:35:35', NULL),
(131, 'et', 33, 1, '2020-07-17 03:35:35', '2020-07-17 03:35:35', NULL),
(132, 'autem', 33, 0, '2020-07-17 03:35:35', '2020-07-17 03:35:35', NULL),
(133, 'odit', 34, 0, '2020-07-17 03:35:35', '2020-07-17 03:35:35', NULL),
(134, 'ea', 34, 0, '2020-07-17 03:35:35', '2020-07-17 03:35:35', NULL),
(135, 'ut', 34, 0, '2020-07-17 03:35:36', '2020-07-17 03:35:36', NULL),
(136, 'deleniti', 34, 1, '2020-07-17 03:35:36', '2020-07-17 03:35:36', NULL),
(137, 'et', 35, 0, '2020-07-17 03:35:36', '2020-07-17 03:35:36', NULL),
(138, 'sunt', 35, 0, '2020-07-17 03:35:36', '2020-07-17 03:35:36', NULL),
(139, 'perspiciatis', 35, 1, '2020-07-17 03:35:36', '2020-07-17 03:35:36', NULL),
(140, 'aliquid', 35, 0, '2020-07-17 03:35:36', '2020-07-17 03:35:36', NULL),
(141, 'non', 36, 0, '2020-07-17 03:35:36', '2020-07-17 03:35:36', NULL),
(142, 'quos', 36, 0, '2020-07-17 03:35:36', '2020-07-17 03:35:36', NULL),
(143, 'quibusdam', 36, 0, '2020-07-17 03:35:36', '2020-07-17 03:35:36', NULL),
(144, 'odit', 36, 1, '2020-07-17 03:35:36', '2020-07-17 03:35:36', NULL),
(145, 'esse', 37, 0, '2020-07-17 03:35:36', '2020-07-17 03:35:36', NULL),
(146, 'quasi', 37, 0, '2020-07-17 03:35:36', '2020-07-17 03:35:36', NULL),
(147, 'accusamus', 37, 1, '2020-07-17 03:35:36', '2020-07-17 03:35:36', NULL),
(148, 'aliquid', 37, 0, '2020-07-17 03:35:36', '2020-07-17 03:35:36', NULL),
(149, 'odit', 38, 1, '2020-07-17 03:35:36', '2020-07-17 03:35:36', NULL),
(150, 'et', 38, 0, '2020-07-17 03:35:36', '2020-07-17 03:35:36', NULL),
(151, 'repellat', 38, 0, '2020-07-17 03:35:37', '2020-07-17 03:35:37', NULL),
(152, 'ut', 38, 0, '2020-07-17 03:35:37', '2020-07-17 03:35:37', NULL),
(153, 'cum', 39, 1, '2020-07-17 03:35:37', '2020-07-17 03:35:37', NULL),
(154, 'eos', 39, 0, '2020-07-17 03:35:37', '2020-07-17 03:35:37', NULL),
(155, 'voluptas', 39, 0, '2020-07-17 03:35:37', '2020-07-17 03:35:37', NULL),
(156, 'vel', 39, 0, '2020-07-17 03:35:37', '2020-07-17 03:35:37', NULL),
(157, 'nesciunt', 40, 0, '2020-07-17 03:35:37', '2020-07-17 03:35:37', NULL),
(158, 'omnis', 40, 0, '2020-07-17 03:35:37', '2020-07-17 03:35:37', NULL),
(159, 'et', 40, 1, '2020-07-17 03:35:37', '2020-07-17 03:35:37', NULL),
(160, 'pariatur', 40, 0, '2020-07-17 03:35:37', '2020-07-17 03:35:37', NULL),
(161, 'fugit', 41, 0, '2020-07-17 03:35:37', '2020-07-17 03:35:37', NULL),
(162, 'porro', 41, 0, '2020-07-17 03:35:37', '2020-07-17 03:35:37', NULL),
(163, 'aspernatur', 41, 0, '2020-07-17 03:35:37', '2020-07-17 03:35:37', NULL),
(164, 'et', 41, 1, '2020-07-17 03:35:38', '2020-07-17 03:35:38', NULL),
(165, 'est', 42, 1, '2020-07-17 03:35:38', '2020-07-17 03:35:38', NULL),
(166, 'nihil', 42, 0, '2020-07-17 03:35:38', '2020-07-17 03:35:38', NULL),
(167, 'facilis', 42, 0, '2020-07-17 03:35:38', '2020-07-17 03:35:38', NULL),
(168, 'ea', 42, 0, '2020-07-17 03:35:38', '2020-07-17 03:35:38', NULL),
(169, 'quae', 43, 0, '2020-07-17 03:35:38', '2020-07-17 03:35:38', NULL),
(170, 'velit', 43, 0, '2020-07-17 03:35:38', '2020-07-17 03:35:38', NULL),
(171, 'dolorem', 43, 1, '2020-07-17 03:35:38', '2020-07-17 03:35:38', NULL),
(172, 'illum', 43, 0, '2020-07-17 03:35:38', '2020-07-17 03:35:38', NULL),
(173, 'rerum', 44, 1, '2020-07-17 03:35:38', '2020-07-17 03:35:38', NULL),
(174, 'labore', 44, 0, '2020-07-17 03:35:38', '2020-07-17 03:35:38', NULL),
(175, 'deleniti', 44, 0, '2020-07-17 03:35:38', '2020-07-17 03:35:38', NULL),
(176, 'nostrum', 44, 0, '2020-07-17 03:35:38', '2020-07-17 03:35:38', NULL),
(177, 'atque', 45, 0, '2020-07-17 03:35:38', '2020-07-17 03:35:38', NULL),
(178, 'beatae', 45, 0, '2020-07-17 03:35:38', '2020-07-17 03:35:38', NULL),
(179, 'libero', 45, 0, '2020-07-17 03:35:38', '2020-07-17 03:35:38', NULL),
(180, 'voluptatum', 45, 1, '2020-07-17 03:35:38', '2020-07-17 03:35:38', NULL),
(181, 'adipisci', 46, 0, '2020-07-17 03:35:38', '2020-07-17 03:35:38', NULL),
(182, 'ut', 46, 0, '2020-07-17 03:35:38', '2020-07-17 03:35:38', NULL),
(183, 'excepturi', 46, 0, '2020-07-17 03:35:38', '2020-07-17 03:35:38', NULL),
(184, 'voluptatum', 46, 1, '2020-07-17 03:35:39', '2020-07-17 03:35:39', NULL),
(185, 'vero', 47, 0, '2020-07-17 03:35:39', '2020-07-17 03:35:39', NULL),
(186, 'error', 47, 0, '2020-07-17 03:35:39', '2020-07-17 03:35:39', NULL),
(187, 'velit', 47, 1, '2020-07-17 03:35:39', '2020-07-17 03:35:39', NULL),
(188, 'voluptas', 47, 0, '2020-07-17 03:35:39', '2020-07-17 03:35:39', NULL),
(189, 'aut', 48, 0, '2020-07-17 03:35:39', '2020-07-17 03:35:39', NULL),
(190, 'et', 48, 0, '2020-07-17 03:35:39', '2020-07-17 03:35:39', NULL),
(191, 'ducimus', 48, 0, '2020-07-17 03:35:39', '2020-07-17 03:35:39', NULL),
(192, 'omnis', 48, 1, '2020-07-17 03:35:39', '2020-07-17 03:35:39', NULL),
(193, 'non', 49, 1, '2020-07-17 03:35:39', '2020-07-17 03:35:39', NULL),
(194, 'veniam', 49, 0, '2020-07-17 03:35:39', '2020-07-17 03:35:39', NULL),
(195, 'illo', 49, 0, '2020-07-17 03:35:39', '2020-07-17 03:35:39', NULL),
(196, 'quo', 49, 0, '2020-07-17 03:35:39', '2020-07-17 03:35:39', NULL),
(197, 'nihil', 50, 1, '2020-07-17 03:35:39', '2020-07-17 03:35:39', NULL),
(198, 'commodi', 50, 0, '2020-07-17 03:35:39', '2020-07-17 03:35:39', NULL),
(199, 'perspiciatis', 50, 0, '2020-07-17 03:35:39', '2020-07-17 03:35:39', NULL),
(200, 'facere', 50, 0, '2020-07-17 03:35:39', '2020-07-17 03:35:39', NULL),
(201, 'officiis', 51, 0, '2020-07-17 03:35:39', '2020-07-17 03:35:39', NULL),
(202, 'facilis', 51, 0, '2020-07-17 03:35:40', '2020-07-17 03:35:40', NULL),
(203, 'quasi', 51, 0, '2020-07-17 03:35:40', '2020-07-17 03:35:40', NULL),
(204, 'magni', 51, 1, '2020-07-17 03:35:40', '2020-07-17 03:35:40', NULL),
(205, 'aut', 52, 1, '2020-07-17 03:35:40', '2020-07-17 03:35:40', NULL),
(206, 'sunt', 52, 0, '2020-07-17 03:35:40', '2020-07-17 03:35:40', NULL),
(207, 'occaecati', 52, 0, '2020-07-17 03:35:40', '2020-07-17 03:35:40', NULL),
(208, 'dicta', 52, 0, '2020-07-17 03:35:40', '2020-07-17 03:35:40', NULL),
(209, 'et', 53, 0, '2020-07-17 03:35:40', '2020-07-17 03:35:40', NULL),
(210, 'saepe', 53, 1, '2020-07-17 03:35:40', '2020-07-17 03:35:40', NULL),
(211, 'illo', 53, 0, '2020-07-17 03:35:40', '2020-07-17 03:35:40', NULL),
(212, 'quo', 53, 0, '2020-07-17 03:35:40', '2020-07-17 03:35:40', NULL),
(213, 'consectetur', 54, 0, '2020-07-17 03:35:40', '2020-07-17 03:35:40', NULL),
(214, 'delectus', 54, 1, '2020-07-17 03:35:40', '2020-07-17 03:35:40', NULL),
(215, 'possimus', 54, 0, '2020-07-17 03:35:40', '2020-07-17 03:35:40', NULL),
(216, 'minus', 54, 0, '2020-07-17 03:35:40', '2020-07-17 03:35:40', NULL),
(217, 'suscipit', 55, 0, '2020-07-17 03:35:40', '2020-07-17 03:35:40', NULL),
(218, 'et', 55, 0, '2020-07-17 03:35:40', '2020-07-17 03:35:40', NULL),
(219, 'autem', 55, 1, '2020-07-17 03:35:40', '2020-07-17 03:35:40', NULL),
(220, 'eius', 55, 0, '2020-07-17 03:35:41', '2020-07-17 03:35:41', NULL),
(221, 'nisi', 56, 0, '2020-07-17 03:35:41', '2020-07-17 03:35:41', NULL),
(222, 'voluptatem', 56, 0, '2020-07-17 03:35:41', '2020-07-17 03:35:41', NULL),
(223, 'facere', 56, 0, '2020-07-17 03:35:41', '2020-07-17 03:35:41', NULL),
(224, 'sunt', 56, 1, '2020-07-17 03:35:41', '2020-07-17 03:35:41', NULL),
(225, 'dolore', 57, 0, '2020-07-17 03:35:41', '2020-07-17 03:35:41', NULL),
(226, 'esse', 57, 1, '2020-07-17 03:35:41', '2020-07-17 03:35:41', NULL),
(227, 'consectetur', 57, 0, '2020-07-17 03:35:41', '2020-07-17 03:35:41', NULL),
(228, 'repudiandae', 57, 0, '2020-07-17 03:35:41', '2020-07-17 03:35:41', NULL),
(229, 'nihil', 58, 0, '2020-07-17 03:35:41', '2020-07-17 03:35:41', NULL),
(230, 'libero', 58, 0, '2020-07-17 03:35:41', '2020-07-17 03:35:41', NULL),
(231, 'temporibus', 58, 1, '2020-07-17 03:35:41', '2020-07-17 03:35:41', NULL),
(232, 'sed', 58, 0, '2020-07-17 03:35:41', '2020-07-17 03:35:41', NULL),
(233, 'dolorem', 59, 0, '2020-07-17 03:35:41', '2020-07-17 03:35:41', NULL),
(234, 'dolorem', 59, 1, '2020-07-17 03:35:41', '2020-07-17 03:35:41', NULL),
(235, 'maiores', 59, 0, '2020-07-17 03:35:41', '2020-07-17 03:35:41', NULL),
(236, 'maxime', 59, 0, '2020-07-17 03:35:41', '2020-07-17 03:35:41', NULL),
(237, 'laboriosam', 60, 0, '2020-07-17 03:35:41', '2020-07-17 03:35:41', NULL),
(238, 'corrupti', 60, 0, '2020-07-17 03:35:41', '2020-07-17 03:35:41', NULL),
(239, 'tempora', 60, 0, '2020-07-17 03:35:41', '2020-07-17 03:35:41', NULL),
(240, 'mollitia', 60, 1, '2020-07-17 03:35:41', '2020-07-17 03:35:41', NULL),
(241, 'facilis', 61, 0, '2020-07-17 03:35:42', '2020-07-17 03:35:42', NULL),
(242, 'tempora', 61, 0, '2020-07-17 03:35:42', '2020-07-17 03:35:42', NULL),
(243, 'voluptatum', 61, 0, '2020-07-17 03:35:42', '2020-07-17 03:35:42', NULL),
(244, 'reprehenderit', 61, 1, '2020-07-17 03:35:42', '2020-07-17 03:35:42', NULL),
(245, 'saepe', 62, 0, '2020-07-17 03:35:42', '2020-07-17 03:35:42', NULL),
(246, 'fugiat', 62, 0, '2020-07-17 03:35:42', '2020-07-17 03:35:42', NULL),
(247, 'dolore', 62, 1, '2020-07-17 03:35:42', '2020-07-17 03:35:42', NULL),
(248, 'soluta', 62, 0, '2020-07-17 03:35:42', '2020-07-17 03:35:42', NULL),
(249, 'impedit', 63, 0, '2020-07-17 03:35:42', '2020-07-17 03:35:42', NULL),
(250, 'quaerat', 63, 0, '2020-07-17 03:35:42', '2020-07-17 03:35:42', NULL),
(251, 'voluptatem', 63, 1, '2020-07-17 03:35:42', '2020-07-17 03:35:42', NULL),
(252, 'velit', 63, 0, '2020-07-17 03:35:42', '2020-07-17 03:35:42', NULL),
(253, 'eos', 64, 0, '2020-07-17 03:35:42', '2020-07-17 03:35:42', NULL),
(254, 'qui', 64, 0, '2020-07-17 03:35:42', '2020-07-17 03:35:42', NULL),
(255, 'vel', 64, 1, '2020-07-17 03:35:42', '2020-07-17 03:35:42', NULL),
(256, 'quibusdam', 64, 0, '2020-07-17 03:35:42', '2020-07-17 03:35:42', NULL),
(257, 'adipisci', 65, 1, '2020-07-17 03:35:42', '2020-07-17 03:35:42', NULL),
(258, 'ratione', 65, 0, '2020-07-17 03:35:42', '2020-07-17 03:35:42', NULL),
(259, 'et', 65, 0, '2020-07-17 03:35:42', '2020-07-17 03:35:42', NULL),
(260, 'provident', 65, 0, '2020-07-17 03:35:42', '2020-07-17 03:35:42', NULL),
(261, 'optio', 66, 0, '2020-07-17 03:35:43', '2020-07-17 03:35:43', NULL),
(262, 'iste', 66, 0, '2020-07-17 03:35:43', '2020-07-17 03:35:43', NULL),
(263, 'commodi', 66, 1, '2020-07-17 03:35:43', '2020-07-17 03:35:43', NULL),
(264, 'sapiente', 66, 0, '2020-07-17 03:35:43', '2020-07-17 03:35:43', NULL),
(265, 'aut', 67, 0, '2020-07-17 03:35:43', '2020-07-17 03:35:43', NULL),
(266, 'autem', 67, 0, '2020-07-17 03:35:43', '2020-07-17 03:35:43', NULL),
(267, 'cum', 67, 0, '2020-07-17 03:35:43', '2020-07-17 03:35:43', NULL),
(268, 'atque', 67, 1, '2020-07-17 03:35:43', '2020-07-17 03:35:43', NULL),
(269, 'porro', 68, 0, '2020-07-17 03:35:43', '2020-07-17 03:35:43', NULL),
(270, 'nemo', 68, 0, '2020-07-17 03:35:43', '2020-07-17 03:35:43', NULL),
(271, 'id', 68, 0, '2020-07-17 03:35:43', '2020-07-17 03:35:43', NULL),
(272, 'sed', 68, 1, '2020-07-17 03:35:43', '2020-07-17 03:35:43', NULL),
(273, 'et', 69, 0, '2020-07-17 03:35:43', '2020-07-17 03:35:43', NULL),
(274, 'aut', 69, 0, '2020-07-17 03:35:43', '2020-07-17 03:35:43', NULL),
(275, 'aliquam', 69, 1, '2020-07-17 03:35:43', '2020-07-17 03:35:43', NULL),
(276, 'natus', 69, 0, '2020-07-17 03:35:43', '2020-07-17 03:35:43', NULL),
(277, 'aspernatur', 70, 0, '2020-07-17 03:35:43', '2020-07-17 03:35:43', NULL),
(278, 'hic', 70, 0, '2020-07-17 03:35:43', '2020-07-17 03:35:43', NULL),
(279, 'quasi', 70, 1, '2020-07-17 03:35:43', '2020-07-17 03:35:43', NULL),
(280, 'non', 70, 0, '2020-07-17 03:35:43', '2020-07-17 03:35:43', NULL),
(281, 'facere', 71, 0, '2020-07-17 03:35:43', '2020-07-17 03:35:43', NULL),
(282, 'qui', 71, 1, '2020-07-17 03:35:43', '2020-07-17 03:35:43', NULL),
(283, 'voluptas', 71, 0, '2020-07-17 03:35:43', '2020-07-17 03:35:43', NULL),
(284, 'voluptatem', 71, 0, '2020-07-17 03:35:44', '2020-07-17 03:35:44', NULL),
(285, 'qui', 72, 0, '2020-07-17 03:35:44', '2020-07-17 03:35:44', NULL),
(286, 'eaque', 72, 0, '2020-07-17 03:35:44', '2020-07-17 03:35:44', NULL),
(287, 'neque', 72, 0, '2020-07-17 03:35:44', '2020-07-17 03:35:44', NULL),
(288, 'ullam', 72, 1, '2020-07-17 03:35:44', '2020-07-17 03:35:44', NULL),
(289, 'quas', 73, 1, '2020-07-17 03:35:44', '2020-07-17 03:35:44', NULL),
(290, 'laudantium', 73, 0, '2020-07-17 03:35:44', '2020-07-17 03:35:44', NULL),
(291, 'molestiae', 73, 0, '2020-07-17 03:35:44', '2020-07-17 03:35:44', NULL),
(292, 'in', 73, 0, '2020-07-17 03:35:44', '2020-07-17 03:35:44', NULL),
(293, 'et', 74, 0, '2020-07-17 03:35:44', '2020-07-17 03:35:44', NULL),
(294, 'recusandae', 74, 0, '2020-07-17 03:35:44', '2020-07-17 03:35:44', NULL),
(295, 'vero', 74, 0, '2020-07-17 03:35:44', '2020-07-17 03:35:44', NULL),
(296, 'et', 74, 1, '2020-07-17 03:35:44', '2020-07-17 03:35:44', NULL),
(297, 'voluptas', 75, 0, '2020-07-17 03:35:44', '2020-07-17 03:35:44', NULL),
(298, 'sed', 75, 0, '2020-07-17 03:35:44', '2020-07-17 03:35:44', NULL),
(299, 'facilis', 75, 0, '2020-07-17 03:35:44', '2020-07-17 03:35:44', NULL),
(300, 'distinctio', 75, 1, '2020-07-17 03:35:45', '2020-07-17 03:35:45', NULL),
(301, 'facilis', 76, 1, '2020-07-17 03:35:45', '2020-07-17 03:35:45', NULL),
(302, 'ipsum', 76, 0, '2020-07-17 03:35:45', '2020-07-17 03:35:45', NULL),
(303, 'ipsum', 76, 0, '2020-07-17 03:35:45', '2020-07-17 03:35:45', NULL),
(304, 'recusandae', 76, 0, '2020-07-17 03:35:45', '2020-07-17 03:35:45', NULL),
(305, 'alias', 77, 0, '2020-07-17 03:35:45', '2020-07-17 03:35:45', NULL),
(306, 'vel', 77, 0, '2020-07-17 03:35:45', '2020-07-17 03:35:45', NULL),
(307, 'temporibus', 77, 0, '2020-07-17 03:35:45', '2020-07-17 03:35:45', NULL),
(308, 'quae', 77, 1, '2020-07-17 03:35:45', '2020-07-17 03:35:45', NULL),
(309, 'voluptatum', 78, 0, '2020-07-17 03:35:45', '2020-07-17 03:35:45', NULL),
(310, 'mollitia', 78, 0, '2020-07-17 03:35:45', '2020-07-17 03:35:45', NULL),
(311, 'suscipit', 78, 0, '2020-07-17 03:35:45', '2020-07-17 03:35:45', NULL),
(312, 'quae', 78, 1, '2020-07-17 03:35:45', '2020-07-17 03:35:45', NULL),
(313, 'pariatur', 79, 0, '2020-07-17 03:35:45', '2020-07-17 03:35:45', NULL),
(314, 'eveniet', 79, 0, '2020-07-17 03:35:45', '2020-07-17 03:35:45', NULL),
(315, 'quis', 79, 0, '2020-07-17 03:35:45', '2020-07-17 03:35:45', NULL),
(316, 'laudantium', 79, 1, '2020-07-17 03:35:45', '2020-07-17 03:35:45', NULL),
(317, 'exercitationem', 80, 1, '2020-07-17 03:35:45', '2020-07-17 03:35:45', NULL),
(318, 'molestiae', 80, 0, '2020-07-17 03:35:45', '2020-07-17 03:35:45', NULL),
(319, 'molestias', 80, 0, '2020-07-17 03:35:45', '2020-07-17 03:35:45', NULL),
(320, 'officiis', 80, 0, '2020-07-17 03:35:45', '2020-07-17 03:35:45', NULL),
(321, 'deserunt', 81, 0, '2020-07-17 03:35:46', '2020-07-17 03:35:46', NULL),
(322, 'qui', 81, 1, '2020-07-17 03:35:46', '2020-07-17 03:35:46', NULL),
(323, 'doloribus', 81, 0, '2020-07-17 03:35:46', '2020-07-17 03:35:46', NULL),
(324, 'impedit', 81, 0, '2020-07-17 03:35:46', '2020-07-17 03:35:46', NULL),
(325, 'porro', 82, 0, '2020-07-17 03:35:46', '2020-07-17 03:35:46', NULL),
(326, 'ipsam', 82, 0, '2020-07-17 03:35:46', '2020-07-17 03:35:46', NULL),
(327, 'enim', 82, 0, '2020-07-17 03:35:46', '2020-07-17 03:35:46', NULL),
(328, 'fugiat', 82, 1, '2020-07-17 03:35:46', '2020-07-17 03:35:46', NULL),
(329, 'neque', 83, 0, '2020-07-17 03:35:46', '2020-07-17 03:35:46', NULL),
(330, 'laudantium', 83, 1, '2020-07-17 03:35:46', '2020-07-17 03:35:46', NULL),
(331, 'est', 83, 0, '2020-07-17 03:35:46', '2020-07-17 03:35:46', NULL),
(332, 'rerum', 83, 0, '2020-07-17 03:35:46', '2020-07-17 03:35:46', NULL),
(333, 'est', 84, 0, '2020-07-17 03:35:46', '2020-07-17 03:35:46', NULL),
(334, 'ut', 84, 0, '2020-07-17 03:35:46', '2020-07-17 03:35:46', NULL),
(335, 'impedit', 84, 0, '2020-07-17 03:35:46', '2020-07-17 03:35:46', NULL),
(336, 'explicabo', 84, 1, '2020-07-17 03:35:46', '2020-07-17 03:35:46', NULL),
(337, 'ducimus', 85, 0, '2020-07-17 03:35:46', '2020-07-17 03:35:46', NULL),
(338, 'suscipit', 85, 0, '2020-07-17 03:35:46', '2020-07-17 03:35:46', NULL),
(339, 'omnis', 85, 0, '2020-07-17 03:35:46', '2020-07-17 03:35:46', NULL),
(340, 'qui', 85, 1, '2020-07-17 03:35:46', '2020-07-17 03:35:46', NULL),
(341, 'voluptas', 86, 0, '2020-07-17 03:35:47', '2020-07-17 03:35:47', NULL),
(342, 'molestias', 86, 1, '2020-07-17 03:35:47', '2020-07-17 03:35:47', NULL),
(343, 'aliquam', 86, 0, '2020-07-17 03:35:47', '2020-07-17 03:35:47', NULL),
(344, 'quo', 86, 0, '2020-07-17 03:35:47', '2020-07-17 03:35:47', NULL),
(345, 'consequuntur', 87, 1, '2020-07-17 03:35:47', '2020-07-17 03:35:47', NULL),
(346, 'laudantium', 87, 0, '2020-07-17 03:35:47', '2020-07-17 03:35:47', NULL),
(347, 'vel', 87, 0, '2020-07-17 03:35:47', '2020-07-17 03:35:47', NULL),
(348, 'earum', 87, 0, '2020-07-17 03:35:47', '2020-07-17 03:35:47', NULL),
(349, 'quo', 88, 0, '2020-07-17 03:35:47', '2020-07-17 03:35:47', NULL),
(350, 'fugit', 88, 1, '2020-07-17 03:35:47', '2020-07-17 03:35:47', NULL),
(351, 'et', 88, 0, '2020-07-17 03:35:47', '2020-07-17 03:35:47', NULL),
(352, 'quo', 88, 0, '2020-07-17 03:35:47', '2020-07-17 03:35:47', NULL),
(353, 'beatae', 89, 0, '2020-07-17 03:35:47', '2020-07-17 03:35:47', NULL),
(354, 'blanditiis', 89, 1, '2020-07-17 03:35:47', '2020-07-17 03:35:47', NULL),
(355, 'quis', 89, 0, '2020-07-17 03:35:47', '2020-07-17 03:35:47', NULL),
(356, 'perspiciatis', 89, 0, '2020-07-17 03:35:47', '2020-07-17 03:35:47', NULL),
(357, 'quia', 90, 0, '2020-07-17 03:35:47', '2020-07-17 03:35:47', NULL),
(358, 'recusandae', 90, 0, '2020-07-17 03:35:48', '2020-07-17 03:35:48', NULL),
(359, 'enim', 90, 0, '2020-07-17 03:35:48', '2020-07-17 03:35:48', NULL),
(360, 'praesentium', 90, 1, '2020-07-17 03:35:48', '2020-07-17 03:35:48', NULL),
(361, 'maiores', 91, 0, '2020-07-17 03:35:48', '2020-07-17 03:35:48', NULL),
(362, 'pariatur', 91, 0, '2020-07-17 03:35:48', '2020-07-17 03:35:48', NULL),
(363, 'soluta', 91, 0, '2020-07-17 03:35:48', '2020-07-17 03:35:48', NULL),
(364, 'sit', 91, 1, '2020-07-17 03:35:48', '2020-07-17 03:35:48', NULL),
(365, 'aliquam', 92, 0, '2020-07-17 03:35:48', '2020-07-17 03:35:48', NULL),
(366, 'itaque', 92, 0, '2020-07-17 03:35:48', '2020-07-17 03:35:48', NULL),
(367, 'exercitationem', 92, 1, '2020-07-17 03:35:48', '2020-07-17 03:35:48', NULL),
(368, 'veniam', 92, 0, '2020-07-17 03:35:48', '2020-07-17 03:35:48', NULL),
(369, 'voluptatem', 93, 1, '2020-07-17 03:35:48', '2020-07-17 03:35:48', NULL),
(370, 'omnis', 93, 0, '2020-07-17 03:35:48', '2020-07-17 03:35:48', NULL),
(371, 'quo', 93, 0, '2020-07-17 03:35:48', '2020-07-17 03:35:48', NULL),
(372, 'delectus', 93, 0, '2020-07-17 03:35:48', '2020-07-17 03:35:48', NULL),
(373, 'accusamus', 94, 0, '2020-07-17 03:35:48', '2020-07-17 03:35:48', NULL),
(374, 'dolor', 94, 1, '2020-07-17 03:35:48', '2020-07-17 03:35:48', NULL),
(375, 'voluptatem', 94, 0, '2020-07-17 03:35:48', '2020-07-17 03:35:48', NULL),
(376, 'quia', 94, 0, '2020-07-17 03:35:49', '2020-07-17 03:35:49', NULL),
(377, 'odit', 95, 0, '2020-07-17 03:35:49', '2020-07-17 03:35:49', NULL),
(378, 'temporibus', 95, 0, '2020-07-17 03:35:49', '2020-07-17 03:35:49', NULL),
(379, 'sed', 95, 1, '2020-07-17 03:35:49', '2020-07-17 03:35:49', NULL),
(380, 'facere', 95, 0, '2020-07-17 03:35:49', '2020-07-17 03:35:49', NULL),
(381, 'quae', 96, 1, '2020-07-17 03:35:49', '2020-07-17 03:35:49', NULL),
(382, 'facilis', 96, 0, '2020-07-17 03:35:49', '2020-07-17 03:35:49', NULL),
(383, 'rem', 96, 0, '2020-07-17 03:35:49', '2020-07-17 03:35:49', NULL),
(384, 'aut', 96, 0, '2020-07-17 03:35:49', '2020-07-17 03:35:49', NULL),
(385, 'atque', 97, 1, '2020-07-17 03:35:49', '2020-07-17 03:35:49', NULL),
(386, 'nulla', 97, 0, '2020-07-17 03:35:49', '2020-07-17 03:35:49', NULL),
(387, 'non', 97, 0, '2020-07-17 03:35:49', '2020-07-17 03:35:49', NULL),
(388, 'facilis', 97, 0, '2020-07-17 03:35:49', '2020-07-17 03:35:49', NULL),
(389, 'voluptatem', 98, 0, '2020-07-17 03:35:49', '2020-07-17 03:35:49', NULL),
(390, 'minima', 98, 0, '2020-07-17 03:35:49', '2020-07-17 03:35:49', NULL),
(391, 'aut', 98, 1, '2020-07-17 03:35:49', '2020-07-17 03:35:49', NULL),
(392, 'magni', 98, 0, '2020-07-17 03:35:49', '2020-07-17 03:35:49', NULL),
(393, 'assumenda', 99, 1, '2020-07-17 03:35:49', '2020-07-17 03:35:49', NULL),
(394, 'veritatis', 99, 0, '2020-07-17 03:35:49', '2020-07-17 03:35:49', NULL),
(395, 'qui', 99, 0, '2020-07-17 03:35:49', '2020-07-17 03:35:49', NULL),
(396, 'minus', 99, 0, '2020-07-17 03:35:49', '2020-07-17 03:35:49', NULL),
(397, 'quis', 100, 0, '2020-07-17 03:35:49', '2020-07-17 03:35:49', NULL),
(398, 'porro', 100, 0, '2020-07-17 03:35:50', '2020-07-17 03:35:50', NULL),
(399, 'et', 100, 1, '2020-07-17 03:35:50', '2020-07-17 03:35:50', NULL),
(400, 'enim', 100, 0, '2020-07-17 03:35:50', '2020-07-17 03:35:50', NULL);

-- --------------------------------------------------------

--
-- Table structure for table `password_resets`
--

CREATE TABLE `password_resets` (
  `email` varchar(255) COLLATE utf8mb4_unicode_ci NOT NULL,
  `token` varchar(255) COLLATE utf8mb4_unicode_ci NOT NULL,
  `created_at` timestamp NULL DEFAULT NULL
) ENGINE=InnoDB DEFAULT CHARSET=utf8mb4 COLLATE=utf8mb4_unicode_ci;

-- --------------------------------------------------------

--
-- Table structure for table `questions`
--

CREATE TABLE `questions` (
  `id` bigint(20) UNSIGNED NOT NULL,
  `statement` varchar(255) COLLATE utf8mb4_unicode_ci NOT NULL,
  `subject_id` bigint(20) UNSIGNED NOT NULL,
  `created_at` timestamp NULL DEFAULT NULL,
  `updated_at` timestamp NULL DEFAULT NULL,
  `deleted_at` timestamp NULL DEFAULT NULL
) ENGINE=InnoDB DEFAULT CHARSET=utf8mb4 COLLATE=utf8mb4_unicode_ci;

--
-- Dumping data for table `questions`
--

INSERT INTO `questions` (`id`, `statement`, `subject_id`, `created_at`, `updated_at`, `deleted_at`) VALUES
(1, 'Porro distinctio mollitia pariatur necessitatibus quod voluptatum eos ut sit a vel id.', 1, '2020-07-17 03:35:21', '2020-07-17 03:35:21', NULL),
(2, 'Sapiente sequi nemo omnis quae et quia.', 1, '2020-07-17 03:35:21', '2020-07-17 03:35:21', NULL),
(3, 'Nulla aut quis eum tempora labore est necessitatibus recusandae atque velit dolorem itaque.', 1, '2020-07-17 03:35:21', '2020-07-17 03:35:21', NULL),
(4, 'Voluptatem ut illo architecto tenetur autem eligendi blanditiis ut sed vitae.', 1, '2020-07-17 03:35:21', '2020-07-17 03:35:21', NULL),
(5, 'Atque provident eligendi inventore nam sunt ut ducimus culpa repellendus molestiae porro hic ut.', 1, '2020-07-17 03:35:21', '2020-07-17 03:35:21', NULL),
(6, 'Autem ipsa debitis maiores aut soluta sed modi nesciunt dolores perspiciatis nulla dolores.', 1, '2020-07-17 03:35:21', '2020-07-17 03:35:21', NULL),
(7, 'Est distinctio quibusdam repellendus animi saepe soluta odio asperiores.', 1, '2020-07-17 03:35:22', '2020-07-17 03:35:22', NULL),
(8, 'Aperiam repudiandae accusamus accusamus est nemo nam fugiat nulla expedita consequatur tempora excepturi.', 1, '2020-07-17 03:35:22', '2020-07-17 03:35:22', NULL),
(9, 'Id ea possimus laborum aut rerum quis quo iure hic iure voluptatem quidem.', 1, '2020-07-17 03:35:22', '2020-07-17 03:35:22', NULL),
(10, 'Adipisci voluptas iusto nostrum qui sunt reprehenderit et reiciendis molestias ullam non qui vel.', 1, '2020-07-17 03:35:22', '2020-07-17 03:35:22', NULL),
(11, 'Quia non quo minus accusamus nostrum quaerat.', 2, '2020-07-17 03:35:22', '2020-07-17 03:35:22', NULL),
(12, 'Autem corporis adipisci ut omnis culpa veniam.', 2, '2020-07-17 03:35:22', '2020-07-17 03:35:22', NULL),
(13, 'Enim laborum ratione hic et consequatur unde.', 2, '2020-07-17 03:35:22', '2020-07-17 03:35:22', NULL),
(14, 'Soluta consequatur pariatur numquam qui dolorem ipsa dolorum dolorem nesciunt ut sed.', 2, '2020-07-17 03:35:22', '2020-07-17 03:35:22', NULL),
(15, 'Dolorum rerum saepe fugit iure est amet impedit.', 2, '2020-07-17 03:35:22', '2020-07-17 03:35:22', NULL),
(16, 'Molestiae et voluptatem dignissimos totam sit sed.', 2, '2020-07-17 03:35:22', '2020-07-17 03:35:22', NULL),
(17, 'Illum officia autem incidunt ducimus est dicta asperiores et tempore ipsum ipsum ipsa fugiat.', 2, '2020-07-17 03:35:22', '2020-07-17 03:35:22', NULL),
(18, 'Et laborum id veritatis sequi saepe esse.', 2, '2020-07-17 03:35:22', '2020-07-17 03:35:22', NULL),
(19, 'Non similique incidunt ipsam consequatur sed consectetur alias consectetur et dolore.', 2, '2020-07-17 03:35:22', '2020-07-17 03:35:22', NULL),
(20, 'Voluptatem quidem qui sint aliquam et voluptatibus et.', 2, '2020-07-17 03:35:22', '2020-07-17 03:35:22', NULL),
(21, 'Ad commodi quaerat sit non fugit dignissimos deleniti et dolorem tempora possimus occaecati.', 3, '2020-07-17 03:35:22', '2020-07-17 03:35:22', NULL),
(22, 'Architecto quam consequatur nobis quod et et ad et.', 3, '2020-07-17 03:35:22', '2020-07-17 03:35:22', NULL),
(23, 'Ipsum eaque voluptate dolorum sint inventore explicabo deleniti ea.', 3, '2020-07-17 03:35:22', '2020-07-17 03:35:22', NULL),
(24, 'In quae harum consequatur consequatur dolore recusandae commodi laborum officiis animi officia.', 3, '2020-07-17 03:35:22', '2020-07-17 03:35:22', NULL),
(25, 'Itaque ut nisi quo enim magni consequatur provident quae harum.', 3, '2020-07-17 03:35:22', '2020-07-17 03:35:22', NULL),
(26, 'Cum eum recusandae asperiores delectus architecto et nulla reprehenderit omnis.', 3, '2020-07-17 03:35:22', '2020-07-17 03:35:22', NULL),
(27, 'Sit quas aut illum quia sed sunt soluta maxime dolorem.', 3, '2020-07-17 03:35:23', '2020-07-17 03:35:23', NULL),
(28, 'Minima laborum sint possimus qui aut animi ut consequatur labore.', 3, '2020-07-17 03:35:23', '2020-07-17 03:35:23', NULL),
(29, 'Dolore incidunt distinctio excepturi ut iste labore itaque qui.', 3, '2020-07-17 03:35:23', '2020-07-17 03:35:23', NULL),
(30, 'Nam sit dolorum ut dolorum et vel aut.', 3, '2020-07-17 03:35:23', '2020-07-17 03:35:23', NULL),
(31, 'Quo quasi doloribus ipsa nemo eum exercitationem asperiores eveniet exercitationem.', 4, '2020-07-17 03:35:23', '2020-07-17 03:35:23', NULL),
(32, 'Iusto harum tempore voluptate aut vel qui tempora temporibus.', 4, '2020-07-17 03:35:23', '2020-07-17 03:35:23', NULL),
(33, 'Esse repudiandae iusto natus et quis ipsa minus voluptas architecto et aut explicabo ratione.', 4, '2020-07-17 03:35:23', '2020-07-17 03:35:23', NULL),
(34, 'Quia rerum occaecati eaque non voluptas sit eos voluptatem beatae et ratione sunt et.', 4, '2020-07-17 03:35:23', '2020-07-17 03:35:23', NULL),
(35, 'Odio laudantium sunt expedita dolores quae reprehenderit.', 4, '2020-07-17 03:35:23', '2020-07-17 03:35:23', NULL),
(36, 'Est sed tempore occaecati error sed commodi laboriosam laboriosam dolorum quia.', 4, '2020-07-17 03:35:23', '2020-07-17 03:35:23', NULL),
(37, 'Est earum cumque nihil possimus voluptatem pariatur sequi odit sed.', 4, '2020-07-17 03:35:23', '2020-07-17 03:35:23', NULL),
(38, 'Possimus et qui et et aut maxime est quia.', 4, '2020-07-17 03:35:23', '2020-07-17 03:35:23', NULL),
(39, 'Repudiandae qui labore dolorem blanditiis dolore aut sed et qui rerum.', 4, '2020-07-17 03:35:23', '2020-07-17 03:35:23', NULL),
(40, 'Aperiam impedit ab praesentium quia nesciunt et quidem.', 4, '2020-07-17 03:35:23', '2020-07-17 03:35:23', NULL),
(41, 'Ipsa beatae quia voluptates eos maxime qui a ducimus consequuntur et nam.', 5, '2020-07-17 03:35:23', '2020-07-17 03:35:23', NULL),
(42, 'Voluptatum aliquam sint aspernatur qui ab repellendus adipisci quisquam magnam ut.', 5, '2020-07-17 03:35:23', '2020-07-17 03:35:23', NULL),
(43, 'Vitae vel possimus culpa consequatur eos ut laboriosam nisi qui.', 5, '2020-07-17 03:35:23', '2020-07-17 03:35:23', NULL),
(44, 'Eos quod voluptatem animi ullam distinctio velit minima aperiam.', 5, '2020-07-17 03:35:23', '2020-07-17 03:35:23', NULL),
(45, 'Voluptatem provident alias consequatur ut laudantium quia veritatis.', 5, '2020-07-17 03:35:23', '2020-07-17 03:35:23', NULL),
(46, 'Laboriosam veritatis ullam accusamus similique ab nisi.', 5, '2020-07-17 03:35:24', '2020-07-17 03:35:24', NULL),
(47, 'Vero soluta quibusdam dicta modi est deserunt.', 5, '2020-07-17 03:35:24', '2020-07-17 03:35:24', NULL),
(48, 'Voluptates numquam qui minima qui eum qui quasi est.', 5, '2020-07-17 03:35:24', '2020-07-17 03:35:24', NULL),
(49, 'Suscipit error corrupti ex sapiente eveniet sit rerum delectus qui vitae ullam dolores nulla.', 5, '2020-07-17 03:35:24', '2020-07-17 03:35:24', NULL),
(50, 'Placeat sit quisquam dolorem enim mollitia nihil consequatur aliquam officia repudiandae omnis velit aut.', 5, '2020-07-17 03:35:24', '2020-07-17 03:35:24', NULL),
(51, 'Ullam occaecati voluptatibus officia ea excepturi nihil id ut sint eos incidunt enim nihil.', 6, '2020-07-17 03:35:24', '2020-07-17 03:35:24', NULL),
(52, 'Earum modi nobis repellat necessitatibus quia aut.', 6, '2020-07-17 03:35:24', '2020-07-17 03:35:24', NULL),
(53, 'Et doloribus labore quo perspiciatis dolorem quidem earum aut pariatur omnis.', 6, '2020-07-17 03:35:24', '2020-07-17 03:35:24', NULL),
(54, 'Dolores harum aut ea quia debitis qui minus nulla aut distinctio ab fuga.', 6, '2020-07-17 03:35:24', '2020-07-17 03:35:24', NULL),
(55, 'Consequatur reiciendis fuga dolores repudiandae qui qui molestiae voluptas.', 6, '2020-07-17 03:35:24', '2020-07-17 03:35:24', NULL),
(56, 'Eaque voluptatem laborum et minus non excepturi voluptatum rerum.', 6, '2020-07-17 03:35:24', '2020-07-17 03:35:24', NULL),
(57, 'Ea perferendis voluptatem sint veniam aut necessitatibus est excepturi vel doloremque est ab.', 6, '2020-07-17 03:35:24', '2020-07-17 03:35:24', NULL),
(58, 'Maxime modi est quasi et est et.', 6, '2020-07-17 03:35:24', '2020-07-17 03:35:24', NULL),
(59, 'Vero eaque officia officiis itaque eos ut eos tempora.', 6, '2020-07-17 03:35:24', '2020-07-17 03:35:24', NULL),
(60, 'Voluptas rerum molestiae ipsum a deleniti facere.', 6, '2020-07-17 03:35:24', '2020-07-17 03:35:24', NULL),
(61, 'Velit suscipit sed aut totam blanditiis dolores voluptatibus perferendis et nihil voluptatem consequuntur labore.', 7, '2020-07-17 03:35:24', '2020-07-17 03:35:24', NULL),
(62, 'Dolore sequi aut vitae et sit et aut ea fugiat alias laboriosam rerum rem.', 7, '2020-07-17 03:35:24', '2020-07-17 03:35:24', NULL),
(63, 'Accusamus esse eum non et est ullam molestiae.', 7, '2020-07-17 03:35:25', '2020-07-17 03:35:25', NULL),
(64, 'Nulla ut ut quo non sint blanditiis in architecto placeat.', 7, '2020-07-17 03:35:25', '2020-07-17 03:35:25', NULL),
(65, 'Aspernatur molestiae aut ut architecto maiores non unde neque et ut eveniet recusandae.', 7, '2020-07-17 03:35:25', '2020-07-17 03:35:25', NULL),
(66, 'Et voluptas porro qui neque itaque voluptatibus voluptatem a eaque.', 7, '2020-07-17 03:35:25', '2020-07-17 03:35:25', NULL),
(67, 'A aspernatur exercitationem sit maxime aliquid est.', 7, '2020-07-17 03:35:25', '2020-07-17 03:35:25', NULL),
(68, 'Veniam ut dicta asperiores minus magnam et amet mollitia enim aut beatae dolor nam.', 7, '2020-07-17 03:35:25', '2020-07-17 03:35:25', NULL),
(69, 'Iusto sed maxime voluptate impedit rerum natus est ut reiciendis delectus.', 7, '2020-07-17 03:35:25', '2020-07-17 03:35:25', NULL),
(70, 'Aut voluptas dignissimos quis officia nemo expedita ab et fugiat recusandae.', 7, '2020-07-17 03:35:25', '2020-07-17 03:35:25', NULL),
(71, 'Quia placeat temporibus reiciendis voluptate possimus ut esse.', 8, '2020-07-17 03:35:25', '2020-07-17 03:35:25', NULL),
(72, 'In laboriosam autem assumenda sed eaque officia maxime.', 8, '2020-07-17 03:35:25', '2020-07-17 03:35:25', NULL),
(73, 'Incidunt sequi praesentium vitae veniam nihil quia excepturi.', 8, '2020-07-17 03:35:25', '2020-07-17 03:35:25', NULL),
(74, 'Necessitatibus quo dignissimos at inventore quam odio nesciunt eum enim voluptatem et.', 8, '2020-07-17 03:35:25', '2020-07-17 03:35:25', NULL),
(75, 'Quia dolor ipsum accusamus qui vel minima.', 8, '2020-07-17 03:35:25', '2020-07-17 03:35:25', NULL),
(76, 'Sunt non nesciunt neque quia commodi est asperiores consequatur aut sint.', 8, '2020-07-17 03:35:25', '2020-07-17 03:35:25', NULL),
(77, 'Perspiciatis qui quis ab architecto sit excepturi.', 8, '2020-07-17 03:35:25', '2020-07-17 03:35:25', NULL),
(78, 'Voluptate cupiditate ex et alias recusandae debitis.', 8, '2020-07-17 03:35:25', '2020-07-17 03:35:25', NULL),
(79, 'Quia nisi maiores facere et veniam repellat reiciendis et dignissimos est maxime.', 8, '2020-07-17 03:35:26', '2020-07-17 03:35:26', NULL),
(80, 'Inventore itaque commodi qui officiis rem optio iste labore sunt.', 8, '2020-07-17 03:35:26', '2020-07-17 03:35:26', NULL),
(81, 'Accusantium nisi nobis autem iusto voluptates a delectus culpa dolore asperiores est.', 9, '2020-07-17 03:35:26', '2020-07-17 03:35:26', NULL),
(82, 'Eum culpa unde sint cupiditate aliquam ab eaque ad qui.', 9, '2020-07-17 03:35:26', '2020-07-17 03:35:26', NULL),
(83, 'Doloribus in consequatur nam sint quas ut iusto.', 9, '2020-07-17 03:35:26', '2020-07-17 03:35:26', NULL),
(84, 'Doloremque non provident voluptatem ipsam beatae quo officiis.', 9, '2020-07-17 03:35:26', '2020-07-17 03:35:26', NULL),
(85, 'Aut non ut quas esse modi aut enim.', 9, '2020-07-17 03:35:26', '2020-07-17 03:35:26', NULL),
(86, 'Officiis asperiores quod dignissimos quaerat commodi maxime qui tempore officiis.', 9, '2020-07-17 03:35:26', '2020-07-17 03:35:26', NULL),
(87, 'Magnam nihil eos atque dolore sapiente eum provident similique expedita minima quaerat.', 9, '2020-07-17 03:35:26', '2020-07-17 03:35:26', NULL),
(88, 'Rem ducimus necessitatibus dolor excepturi optio velit sequi laudantium qui et.', 9, '2020-07-17 03:35:26', '2020-07-17 03:35:26', NULL),
(89, 'Unde et id et rerum minus aut ea non nulla voluptas omnis et.', 9, '2020-07-17 03:35:26', '2020-07-17 03:35:26', NULL),
(90, 'Occaecati molestias enim ea tempore temporibus id voluptatum suscipit rerum.', 9, '2020-07-17 03:35:26', '2020-07-17 03:35:26', NULL),
(91, 'Natus maiores officia sapiente est repellat nulla impedit commodi velit nobis.', 10, '2020-07-17 03:35:26', '2020-07-17 03:35:26', NULL),
(92, 'Sed et nulla est soluta unde corporis asperiores asperiores nam incidunt odit eaque quo.', 10, '2020-07-17 03:35:26', '2020-07-17 03:35:26', NULL),
(93, 'A similique culpa officia aut quia quam corrupti officiis enim veniam quia quae cumque.', 10, '2020-07-17 03:35:26', '2020-07-17 03:35:26', NULL),
(94, 'Quia quo quibusdam totam in aut numquam repudiandae.', 10, '2020-07-17 03:35:26', '2020-07-17 03:35:26', NULL),
(95, 'Id voluptatem dignissimos doloribus aut ullam ex.', 10, '2020-07-17 03:35:26', '2020-07-17 03:35:26', NULL),
(96, 'Et omnis eaque voluptatem iusto similique dolore ab neque ut in nobis.', 10, '2020-07-17 03:35:26', '2020-07-17 03:35:26', NULL),
(97, 'Est in impedit quo ut quod doloribus aut et.', 10, '2020-07-17 03:35:27', '2020-07-17 03:35:27', NULL),
(98, 'Et molestiae laborum et quis dolore fugiat sint aliquam ab et ipsam ab consequatur.', 10, '2020-07-17 03:35:27', '2020-07-17 03:35:27', NULL),
(99, 'Ipsum voluptate quis tempora cupiditate porro aliquid.', 10, '2020-07-17 03:35:27', '2020-07-17 03:35:27', NULL),
(100, 'Et quasi qui quia aperiam eaque qui.', 10, '2020-07-17 03:35:27', '2020-07-17 03:35:27', NULL);

-- --------------------------------------------------------

--
-- Table structure for table `question_test`
--

CREATE TABLE `question_test` (
  `id` bigint(20) UNSIGNED NOT NULL,
  `question_id` bigint(20) UNSIGNED NOT NULL,
  `test_id` bigint(20) UNSIGNED NOT NULL,
  `created_at` timestamp NULL DEFAULT NULL,
  `updated_at` timestamp NULL DEFAULT NULL,
  `deleted_at` timestamp NULL DEFAULT NULL
) ENGINE=InnoDB DEFAULT CHARSET=utf8mb4 COLLATE=utf8mb4_unicode_ci;

--
-- Dumping data for table `question_test`
--

INSERT INTO `question_test` (`id`, `question_id`, `test_id`, `created_at`, `updated_at`, `deleted_at`) VALUES
(1, 97, 1, '2020-07-17 03:35:50', '2020-07-17 03:35:50', NULL),
(2, 96, 1, '2020-07-17 03:35:50', '2020-07-17 03:35:50', NULL),
(3, 92, 1, '2020-07-17 03:35:50', '2020-07-17 03:35:50', NULL),
(4, 96, 1, '2020-07-17 03:35:50', '2020-07-17 03:35:50', NULL),
(5, 99, 1, '2020-07-17 03:35:50', '2020-07-17 03:35:50', NULL),
(6, 90, 2, '2020-07-17 03:35:50', '2020-07-17 03:35:50', NULL),
(7, 90, 2, '2020-07-17 03:35:51', '2020-07-17 03:35:51', NULL),
(8, 90, 2, '2020-07-17 03:35:51', '2020-07-17 03:35:51', NULL),
(9, 82, 2, '2020-07-17 03:35:51', '2020-07-17 03:35:51', NULL),
(10, 90, 2, '2020-07-17 03:35:51', '2020-07-17 03:35:51', NULL),
(11, 78, 3, '2020-07-17 03:35:51', '2020-07-17 03:35:51', NULL),
(12, 72, 3, '2020-07-17 03:35:51', '2020-07-17 03:35:51', NULL),
(13, 76, 3, '2020-07-17 03:35:51', '2020-07-17 03:35:51', NULL),
(14, 77, 3, '2020-07-17 03:35:51', '2020-07-17 03:35:51', NULL),
(15, 78, 3, '2020-07-17 03:35:51', '2020-07-17 03:35:51', NULL),
(16, 44, 4, '2020-07-17 03:35:51', '2020-07-17 03:35:51', NULL),
(17, 50, 4, '2020-07-17 03:35:51', '2020-07-17 03:35:51', NULL),
(18, 50, 4, '2020-07-17 03:35:51', '2020-07-17 03:35:51', NULL),
(19, 44, 4, '2020-07-17 03:35:51', '2020-07-17 03:35:51', NULL),
(20, 49, 4, '2020-07-17 03:35:51', '2020-07-17 03:35:51', NULL),
(21, 9, 5, '2020-07-17 03:35:51', '2020-07-17 03:35:51', NULL),
(22, 5, 5, '2020-07-17 03:35:51', '2020-07-17 03:35:51', NULL),
(23, 8, 5, '2020-07-17 03:35:51', '2020-07-17 03:35:51', NULL),
(24, 2, 5, '2020-07-17 03:35:51', '2020-07-17 03:35:51', NULL),
(25, 8, 5, '2020-07-17 03:35:51', '2020-07-17 03:35:51', NULL);

-- --------------------------------------------------------

--
-- Table structure for table `question_test_user`
--

CREATE TABLE `question_test_user` (
  `id` bigint(20) UNSIGNED NOT NULL,
  `question_test_id` bigint(20) UNSIGNED NOT NULL,
  `user_id` bigint(20) UNSIGNED NOT NULL,
  `created_at` timestamp NULL DEFAULT NULL,
  `updated_at` timestamp NULL DEFAULT NULL,
  `deleted_at` timestamp NULL DEFAULT NULL
) ENGINE=InnoDB DEFAULT CHARSET=utf8mb4 COLLATE=utf8mb4_unicode_ci;

-- --------------------------------------------------------

--
-- Table structure for table `subjects`
--

CREATE TABLE `subjects` (
  `id` bigint(20) UNSIGNED NOT NULL,
  `name` varchar(255) COLLATE utf8mb4_unicode_ci NOT NULL,
  `created_at` timestamp NULL DEFAULT NULL,
  `updated_at` timestamp NULL DEFAULT NULL,
  `deleted_at` timestamp NULL DEFAULT NULL
) ENGINE=InnoDB DEFAULT CHARSET=utf8mb4 COLLATE=utf8mb4_unicode_ci;

--
-- Dumping data for table `subjects`
--

INSERT INTO `subjects` (`id`, `name`, `created_at`, `updated_at`, `deleted_at`) VALUES
(1, 'C', '2020-07-17 03:35:20', '2020-07-17 03:35:20', NULL),
(2, 'C++', '2020-07-17 03:35:20', '2020-07-17 03:35:20', NULL),
(3, 'Data Structures', '2020-07-17 03:35:21', '2020-07-17 03:35:21', NULL),
(4, 'Java', '2020-07-17 03:35:21', '2020-07-17 03:35:21', NULL),
(5, 'PHP', '2020-07-17 03:35:21', '2020-07-17 03:35:21', NULL),
(6, 'Python', '2020-07-17 03:35:21', '2020-07-17 03:35:21', NULL),
(7, 'Front End', '2020-07-17 03:35:21', '2020-07-17 03:35:21', NULL),
(8, 'DBMS', '2020-07-17 03:35:21', '2020-07-17 03:35:21', NULL),
(9, 'Networks', '2020-07-17 03:35:21', '2020-07-17 03:35:21', NULL),
(10, 'Maths', '2020-07-17 03:35:21', '2020-07-17 03:35:21', NULL);

-- --------------------------------------------------------

--
-- Table structure for table `tests`
--

CREATE TABLE `tests` (
  `id` bigint(20) UNSIGNED NOT NULL,
  `name` varchar(255) COLLATE utf8mb4_unicode_ci NOT NULL,
  `total_marks` int(11) NOT NULL,
  `duration` varchar(255) COLLATE utf8mb4_unicode_ci NOT NULL,
  `subject_id` bigint(20) UNSIGNED NOT NULL,
  `created_at` timestamp NULL DEFAULT NULL,
  `updated_at` timestamp NULL DEFAULT NULL
) ENGINE=InnoDB DEFAULT CHARSET=utf8mb4 COLLATE=utf8mb4_unicode_ci;

--
-- Dumping data for table `tests`
--

INSERT INTO `tests` (`id`, `name`, `total_marks`, `duration`, `subject_id`, `created_at`, `updated_at`) VALUES
(1, 'earum test', 5, '10', 10, '2020-07-17 03:35:50', '2020-07-17 03:35:50'),
(2, 'est test', 5, '10', 9, '2020-07-17 03:35:50', '2020-07-17 03:35:50'),
(3, 'repudiandae test', 5, '10', 8, '2020-07-17 03:35:51', '2020-07-17 03:35:51'),
(4, 'sed test', 5, '10', 5, '2020-07-17 03:35:51', '2020-07-17 03:35:51'),
(5, 'officiis test', 5, '10', 1, '2020-07-17 03:35:51', '2020-07-17 03:35:51');

-- --------------------------------------------------------

--
-- Table structure for table `test_user`
--

CREATE TABLE `test_user` (
  `id` bigint(20) UNSIGNED NOT NULL,
  `test_id` bigint(20) UNSIGNED NOT NULL,
  `user_id` bigint(20) UNSIGNED NOT NULL,
  `marks_obtained` int(11) NOT NULL,
  `created_at` timestamp NULL DEFAULT NULL,
  `updated_at` timestamp NULL DEFAULT NULL,
  `deleted_at` timestamp NULL DEFAULT NULL
) ENGINE=InnoDB DEFAULT CHARSET=utf8mb4 COLLATE=utf8mb4_unicode_ci;

-- --------------------------------------------------------

--
-- Table structure for table `users`
--

CREATE TABLE `users` (
  `id` bigint(20) UNSIGNED NOT NULL,
  `name` varchar(255) COLLATE utf8mb4_unicode_ci NOT NULL,
  `email` varchar(255) COLLATE utf8mb4_unicode_ci NOT NULL,
  `email_verified_at` timestamp NULL DEFAULT NULL,
  `password` varchar(255) COLLATE utf8mb4_unicode_ci NOT NULL,
  `phone` varchar(255) COLLATE utf8mb4_unicode_ci NOT NULL,
  `address` varchar(255) COLLATE utf8mb4_unicode_ci NOT NULL,
  `is_admin` tinyint(4) NOT NULL,
  `remember_token` varchar(100) COLLATE utf8mb4_unicode_ci DEFAULT NULL,
  `created_at` timestamp NULL DEFAULT NULL,
  `updated_at` timestamp NULL DEFAULT NULL,
  `deleted_at` timestamp NULL DEFAULT NULL
) ENGINE=InnoDB DEFAULT CHARSET=utf8mb4 COLLATE=utf8mb4_unicode_ci;

--
-- Dumping data for table `users`
--

INSERT INTO `users` (`id`, `name`, `email`, `email_verified_at`, `password`, `phone`, `address`, `is_admin`, `remember_token`, `created_at`, `updated_at`, `deleted_at`) VALUES
(1, 'Riddhesh Shah', 'riddheshshah@gmail.com', '2020-07-17 03:35:13', '$2y$10$W97cSsSOqU6ZyXRuT2VfE.AkxlxBr9D3jVYcjxgz7NKPxcxO0MzYC', '491.493.7862', 'Mulund', 1, 'gNvPb7LcsF', '2020-07-17 03:35:13', '2020-07-17 03:35:13', NULL),
(2, 'Soham Karalkar', 'sohamkaralkar@gmail.com', '2020-07-17 03:35:13', '$2y$10$1cd4QMWcv0govFJ3acmPwuFYIjPn4yQyqVJUNCbb1BxIO4g.sPBdG', '646-285-5121 x777', 'Nahur', 1, 'IUOV9wRIqf', '2020-07-17 03:35:13', '2020-07-17 03:35:13', NULL),
(3, 'Josefina Muller', 'josefinamuller@gmail.com', '2020-07-17 03:35:14', '$2y$10$B5oVfphkt.C28orxhjaY..bRLLYpx5inM3raL37exfEMjwoHY/S7e', '+1 (646) 632-0130', 'Lindmouth', 0, '8d0M9TbMj4', '2020-07-17 03:35:14', '2020-07-17 03:35:14', NULL),
(4, 'Michele Harvey', 'micheleharvey@gmail.com', '2020-07-17 03:35:14', '$2y$10$jKpAWl49M3gVWaoTn.P.Y..YuQb9HgBWes7maj8M8W.NfBMeBLYqi', '+1-425-224-5794', 'Osvaldoton', 0, 'NR4Cna7msf', '2020-07-17 03:35:14', '2020-07-17 03:35:14', NULL),
(5, 'Rowena Satterfield', 'rowenasatterfield@gmail.com', '2020-07-17 03:35:14', '$2y$10$69CIsGc46nr60IqhRrYlGefpqXW4AW33aHjKgirIN0kAZLe4UPihu', '1-298-280-3400', 'New Theresa', 0, 'Yzr7fBgbta', '2020-07-17 03:35:14', '2020-07-17 03:35:14', NULL),
(6, 'Francis Schmidt', 'francisschmidt@gmail.com', '2020-07-17 03:35:14', '$2y$10$g8ieOjMDiGejXXML0vsQjOAcigAv/i5UbuDxlgRSVc2DbspuU/bFa', '726.943.0162', 'Hartmannbury', 0, 'wHM1mypphT', '2020-07-17 03:35:14', '2020-07-17 03:35:14', NULL),
(7, 'Maribel Sporer', 'maribelsporer@gmail.com', '2020-07-17 03:35:15', '$2y$10$V6U9IKfRMu7QtuqIuiqXwOjm0l1zVlcntsCuOr2H2EP1vPRq609Va', '212-727-6754 x03925', 'Deckowbury', 0, 'ImFa1icIGI', '2020-07-17 03:35:15', '2020-07-17 03:35:15', NULL),
(8, 'Adriana Lesch', 'adrianalesch@gmail.com', '2020-07-17 03:35:15', '$2y$10$8/5c3..WAB7B8/NwesRc6.mPhQeK6TSt/2DFkSJpNmvJtt61Q/.Sa', '(404) 994-8776', 'Lake Domenick', 0, '9sta8Yrvz5', '2020-07-17 03:35:15', '2020-07-17 03:35:15', NULL),
(9, 'Sammie Greenfelder', 'sammiegreenfelder@gmail.com', '2020-07-17 03:35:15', '$2y$10$/M0ghkOph6Mdf1EOv2L9ueWPT1agepzP7rG.kexSEj7.cE98L/NvW', '856-415-5596 x718', 'East Clarabellefurt', 0, 'yGhnU3Fls5', '2020-07-17 03:35:15', '2020-07-17 03:35:15', NULL),
(10, 'Dorcas Block', 'dorcasblock@gmail.com', '2020-07-17 03:35:16', '$2y$10$g4BOl9tys7aoeZJ4tYgF9u3AQ95lU7Fu2X9tX9RnYkHsZ1uQqkPn2', '1-856-984-2405 x377', 'North Bryonport', 0, 'XMOELQqxJB', '2020-07-17 03:35:16', '2020-07-17 03:35:16', NULL),
(11, 'Cornell Luettgen', 'cornellluettgen@gmail.com', '2020-07-17 03:35:16', '$2y$10$tjkeHGkBb7tjehNVcwupju.8ub7uSACnAIjj99Z09fCHJXdIaicB.', '1-206-612-4578 x661', 'Lake Malindaton', 0, '9GxT7deHxK', '2020-07-17 03:35:16', '2020-07-17 03:35:16', NULL),
(12, 'Jerad Goldner', 'jeradgoldner@gmail.com', '2020-07-17 03:35:16', '$2y$10$Zmz2UjOhxfEPMN9VDFEiTuZpXX6JJVzr0LNks9hIGDYgTRrRQQiCO', '1-869-963-5970 x081', 'Abbottton', 0, '6vaN11L5uy', '2020-07-17 03:35:16', '2020-07-17 03:35:16', NULL),
(13, 'Baylee Langworth', 'bayleelangworth@gmail.com', '2020-07-17 03:35:16', '$2y$10$ezvVY.99BjLsDPu02r69iOkIwfY8wTFF9SjTRLx.reZsSMFQmKu.O', '953.932.5767 x191', 'West Edwardoborough', 0, 'sNy1GkcMOV', '2020-07-17 03:35:16', '2020-07-17 03:35:16', NULL),
(14, 'Yvonne Rolfson', 'yvonnerolfson@gmail.com', '2020-07-17 03:35:16', '$2y$10$tcTC7XKMBMxqOms2pVBN3e2/uN8f1dnCUrgf.vANnhYJS/SRx83hC', '1-543-292-4119', 'Lake Sadiemouth', 0, 'RHSHjG2H2L', '2020-07-17 03:35:16', '2020-07-17 03:35:16', NULL),
(15, 'Zachery Denesik', 'zacherydenesik@gmail.com', '2020-07-17 03:35:17', '$2y$10$uTBERWNCRr1UU0nzkNs0iOwU1h3ts/Yi0FKoj4ZkB9BxntfQxOtFW', '1-958-623-0897', 'North Nicole', 0, 'ZJsOdub3Xq', '2020-07-17 03:35:17', '2020-07-17 03:35:17', NULL),
(16, 'Junius Lynch', 'juniuslynch@gmail.com', '2020-07-17 03:35:17', '$2y$10$PwNAq.vBf.YhiXwWCf87K.kInR6fz7nuk1KgdhKx1iFpjnBfgkvXu', '1-516-602-6324 x912', 'West Elianview', 0, 'l3Aimdovuk', '2020-07-17 03:35:17', '2020-07-17 03:35:17', NULL),
(17, 'Isaiah Turner', 'isaiahturner@gmail.com', '2020-07-17 03:35:17', '$2y$10$4oe3vVe05DEsESR0alquCuzAaXlcHpx2ZK0O4lKoCxwHw8ghQb2qW', '1-816-722-0398 x45216', 'Hermanfort', 0, 'T58inXPMSt', '2020-07-17 03:35:17', '2020-07-17 03:35:17', NULL),
(18, 'Tanya Marks', 'tanyamarks@gmail.com', '2020-07-17 03:35:18', '$2y$10$T/qMlSq2HMmB9mTbjZIIKe46CNjmwWx/W.u2WaeTs5vrhi83DxnJ6', '956-784-4445 x96494', 'Lorenzofort', 0, 'Njjty6g2lq', '2020-07-17 03:35:18', '2020-07-17 03:35:18', NULL),
(19, 'Rudy Hintz', 'rudyhintz@gmail.com', '2020-07-17 03:35:18', '$2y$10$k7OeXHGfXnvrQjdnUmeGTey4RBtsn1JL081XPSn4lPauZgmLa9du.', '660-397-2973', 'East Karson', 0, 'XlvPvAqVue', '2020-07-17 03:35:18', '2020-07-17 03:35:18', NULL),
(20, 'Pierce Gibson', 'piercegibson@gmail.com', '2020-07-17 03:35:18', '$2y$10$SoEyFIEp/XcZMO.pyTDLP.vjDX6Y9GvcixFlnhwovogzfB1N6.3zW', '413.936.0424 x38822', 'Germaineville', 0, '3fsoqVHqcz', '2020-07-17 03:35:18', '2020-07-17 03:35:18', NULL),
(21, 'Rhianna Yundt', 'rhiannayundt@gmail.com', '2020-07-17 03:35:18', '$2y$10$oECpec/bo0j8vd3uuUzrP.qjMM6N3AaKJQqgkeH6MHIDLk/D5xsyu', '1-574-474-8782 x67806', 'Hintzfort', 0, '2RScE2LNi9', '2020-07-17 03:35:18', '2020-07-17 03:35:18', NULL),
(22, 'Theo Krajcik', 'theokrajcik@gmail.com', '2020-07-17 03:35:18', '$2y$10$Nb4NZeQSld/vK9uwpHyTKu5z3ISXjo5jGcm.bUaD6Du/coJJHSgtq', '665-213-5961', 'West Rafaelborough', 0, 'xdV21O1iEJ', '2020-07-17 03:35:18', '2020-07-17 03:35:18', NULL),
(23, 'Josefa Mante', 'josefamante@gmail.com', '2020-07-17 03:35:19', '$2y$10$mREI4.67PEIYEoTu31WkT.hq/2NXcZx.gzY1Ka6HQEroSRG9w30FS', '(923) 583-3840', 'Medhursttown', 0, 'viH4dtX9Zw', '2020-07-17 03:35:19', '2020-07-17 03:35:19', NULL),
(24, 'Willis Block', 'willisblock@gmail.com', '2020-07-17 03:35:19', '$2y$10$pbYA6xzdYyLIuaSCz.JZxeZaau3Vagjp8GLKsbJ6yaz17CyDD5hDa', '(479) 762-4596', 'Kristinfort', 0, 'TQdDALFVah', '2020-07-17 03:35:19', '2020-07-17 03:35:19', NULL),
(25, 'Isac Bins', 'isacbins@gmail.com', '2020-07-17 03:35:19', '$2y$10$Wjy5HylwCcO5WC9f1P2WButUvWm0/9rNZdW0sWMwVa6bLBEjJC4we', '+1-979-654-6354', 'Sawaynberg', 0, 'FIKCZIl8OJ', '2020-07-17 03:35:19', '2020-07-17 03:35:19', NULL),
(26, 'Garrick Rippin', 'garrickrippin@gmail.com', '2020-07-17 03:35:19', '$2y$10$RuBCd0Elsg8RGIFT.rUSXuYwUGnvOIWXOWfZG.aIwa0.HfgHYs7gK', '539-727-4437', 'North Eleonore', 0, 'XXIAmTcWXt', '2020-07-17 03:35:19', '2020-07-17 03:35:19', NULL),
(27, 'Gloria Johnston', 'gloriajohnston@gmail.com', '2020-07-17 03:35:20', '$2y$10$T2m9O.dgfrSvZESSNoAhjOmvZtTQx7dph5f6h9vWUIIc8nBhpmQye', '359.781.5684 x9699', 'Caesarberg', 0, 'HrEUYMQ9JJ', '2020-07-17 03:35:20', '2020-07-17 03:35:20', NULL),
(28, 'Keaton Hill', 'keatonhill@gmail.com', '2020-07-17 03:35:20', '$2y$10$LX4WbzqR9DRh98KoQthEmeNK/WbE3N8NUeTNGL9X57HCs0h1ozQOa', '1-776-631-9335', 'Richardstad', 0, 'pL5RdHxfHD', '2020-07-17 03:35:20', '2020-07-17 03:35:20', NULL),
(29, 'Kamren Blanda', 'kamrenblanda@gmail.com', '2020-07-17 03:35:20', '$2y$10$gc5PUXTgBqPVubNedvrzs..wwUNA8gEC5ZW8tWAjKjIA0ESc.6kaC', '671-298-8762', 'East Liliane', 0, 'g9wS0Uzs4t', '2020-07-17 03:35:20', '2020-07-17 03:35:20', NULL),
(30, 'Tate Casper', 'tatecasper@gmail.com', '2020-07-17 03:35:20', '$2y$10$RB2Rzj4Eq8W/rlPsQWuqdutm32svet3BHxsUfD1.LE.I.aikytzKS', '+1.959.912.2768', 'West Cora', 0, 'IOAI8W8n3S', '2020-07-17 03:35:20', '2020-07-17 03:35:20', NULL);

--
-- Indexes for dumped tables
--

--
-- Indexes for table `failed_jobs`
--
ALTER TABLE `failed_jobs`
  ADD PRIMARY KEY (`id`);

--
-- Indexes for table `migrations`
--
ALTER TABLE `migrations`
  ADD PRIMARY KEY (`id`);

--
-- Indexes for table `options`
--
ALTER TABLE `options`
  ADD PRIMARY KEY (`id`),
  ADD KEY `options_question_id_foreign` (`question_id`);

--
-- Indexes for table `password_resets`
--
ALTER TABLE `password_resets`
  ADD KEY `password_resets_email_index` (`email`);

--
-- Indexes for table `questions`
--
ALTER TABLE `questions`
  ADD PRIMARY KEY (`id`),
  ADD KEY `questions_subject_id_foreign` (`subject_id`);

--
-- Indexes for table `question_test`
--
ALTER TABLE `question_test`
  ADD PRIMARY KEY (`id`),
  ADD KEY `question_test_question_id_foreign` (`question_id`),
  ADD KEY `question_test_test_id_foreign` (`test_id`);

--
-- Indexes for table `question_test_user`
--
ALTER TABLE `question_test_user`
  ADD PRIMARY KEY (`id`),
  ADD KEY `question_test_user_question_test_id_foreign` (`question_test_id`),
  ADD KEY `question_test_user_user_id_foreign` (`user_id`);

--
-- Indexes for table `subjects`
--
ALTER TABLE `subjects`
  ADD PRIMARY KEY (`id`);

--
-- Indexes for table `tests`
--
ALTER TABLE `tests`
  ADD PRIMARY KEY (`id`),
  ADD KEY `tests_subject_id_foreign` (`subject_id`);

--
-- Indexes for table `test_user`
--
ALTER TABLE `test_user`
  ADD PRIMARY KEY (`id`),
  ADD KEY `test_user_test_id_foreign` (`test_id`),
  ADD KEY `test_user_user_id_foreign` (`user_id`);

--
-- Indexes for table `users`
--
ALTER TABLE `users`
  ADD PRIMARY KEY (`id`),
  ADD UNIQUE KEY `users_email_unique` (`email`);

--
-- AUTO_INCREMENT for dumped tables
--

--
-- AUTO_INCREMENT for table `failed_jobs`
--
ALTER TABLE `failed_jobs`
  MODIFY `id` bigint(20) UNSIGNED NOT NULL AUTO_INCREMENT;

--
-- AUTO_INCREMENT for table `migrations`
--
ALTER TABLE `migrations`
  MODIFY `id` int(10) UNSIGNED NOT NULL AUTO_INCREMENT, AUTO_INCREMENT=11;

--
-- AUTO_INCREMENT for table `options`
--
ALTER TABLE `options`
  MODIFY `id` bigint(20) UNSIGNED NOT NULL AUTO_INCREMENT, AUTO_INCREMENT=401;

--
-- AUTO_INCREMENT for table `questions`
--
ALTER TABLE `questions`
  MODIFY `id` bigint(20) UNSIGNED NOT NULL AUTO_INCREMENT, AUTO_INCREMENT=101;

--
-- AUTO_INCREMENT for table `question_test`
--
ALTER TABLE `question_test`
  MODIFY `id` bigint(20) UNSIGNED NOT NULL AUTO_INCREMENT, AUTO_INCREMENT=26;

--
-- AUTO_INCREMENT for table `question_test_user`
--
ALTER TABLE `question_test_user`
  MODIFY `id` bigint(20) UNSIGNED NOT NULL AUTO_INCREMENT;

--
-- AUTO_INCREMENT for table `subjects`
--
ALTER TABLE `subjects`
  MODIFY `id` bigint(20) UNSIGNED NOT NULL AUTO_INCREMENT, AUTO_INCREMENT=11;

--
-- AUTO_INCREMENT for table `tests`
--
ALTER TABLE `tests`
  MODIFY `id` bigint(20) UNSIGNED NOT NULL AUTO_INCREMENT, AUTO_INCREMENT=6;

--
-- AUTO_INCREMENT for table `test_user`
--
ALTER TABLE `test_user`
  MODIFY `id` bigint(20) UNSIGNED NOT NULL AUTO_INCREMENT;

--
-- AUTO_INCREMENT for table `users`
--
ALTER TABLE `users`
  MODIFY `id` bigint(20) UNSIGNED NOT NULL AUTO_INCREMENT, AUTO_INCREMENT=31;

--
-- Constraints for dumped tables
--

--
-- Constraints for table `options`
--
ALTER TABLE `options`
  ADD CONSTRAINT `options_question_id_foreign` FOREIGN KEY (`question_id`) REFERENCES `questions` (`id`) ON DELETE CASCADE;

--
-- Constraints for table `questions`
--
ALTER TABLE `questions`
  ADD CONSTRAINT `questions_subject_id_foreign` FOREIGN KEY (`subject_id`) REFERENCES `subjects` (`id`) ON DELETE CASCADE;

--
-- Constraints for table `question_test`
--
ALTER TABLE `question_test`
  ADD CONSTRAINT `question_test_question_id_foreign` FOREIGN KEY (`question_id`) REFERENCES `questions` (`id`) ON DELETE CASCADE,
  ADD CONSTRAINT `question_test_test_id_foreign` FOREIGN KEY (`test_id`) REFERENCES `tests` (`id`) ON DELETE CASCADE;

--
-- Constraints for table `question_test_user`
--
ALTER TABLE `question_test_user`
  ADD CONSTRAINT `question_test_user_question_test_id_foreign` FOREIGN KEY (`question_test_id`) REFERENCES `question_test` (`id`) ON DELETE CASCADE,
  ADD CONSTRAINT `question_test_user_user_id_foreign` FOREIGN KEY (`user_id`) REFERENCES `users` (`id`) ON DELETE CASCADE;

--
-- Constraints for table `tests`
--
ALTER TABLE `tests`
  ADD CONSTRAINT `tests_subject_id_foreign` FOREIGN KEY (`subject_id`) REFERENCES `subjects` (`id`) ON DELETE CASCADE;

--
-- Constraints for table `test_user`
--
ALTER TABLE `test_user`
  ADD CONSTRAINT `test_user_test_id_foreign` FOREIGN KEY (`test_id`) REFERENCES `tests` (`id`) ON DELETE CASCADE,
  ADD CONSTRAINT `test_user_user_id_foreign` FOREIGN KEY (`user_id`) REFERENCES `users` (`id`) ON DELETE CASCADE;
COMMIT;

/*!40101 SET CHARACTER_SET_CLIENT=@OLD_CHARACTER_SET_CLIENT */;
/*!40101 SET CHARACTER_SET_RESULTS=@OLD_CHARACTER_SET_RESULTS */;
/*!40101 SET COLLATION_CONNECTION=@OLD_COLLATION_CONNECTION */;
